{
	"name": "PyCon Sweden",
    "name": 123,
	"location": [
		159.322232,
		18.06782828,
        999999
	]
}